Workbook

Sheet Employees
A1: Employee ID | B1: First Name | C1: Last Name | D1: Department | E1: Position | F1: Hire Date | G1: Salary | H1: Full-Time
A2: 1001 | B2: Aarav | C2: Sharma | D2: IT | E2: Software Developer | F2: 44576 | G2: 65000 | H2: Yes
A3: 1002 | B3: Ananya | C3: Reddy | D3: HR | E3: HR Specialist | F3: 45007 | G3: 52000 | H3: Yes
A4: 1003 | B4: Rahul | C4: Kumar | D4: Finance | E4: Financial Analyst | F4: 44387 | G4: 68000 | H4: Yes
A5: 1004 | B5: Priya | C5: Singh | D5: Marketing | E5: Marketing Executive | F5: 45327 | G5: 48000 | H5: Yes
A6: 1005 | B6: Arjun | C6: Patel | D6: IT | E6: Data Analyst | F6: 45187 | G6: 62000 | H6: Yes
A7: 1006 | B7: Sneha | C7: Rao | D7: Sales | E7: Sales Executive | F7: 45608 | G7: 45000 | H7: No
A8: 1007 | B8: Vikram | C8: Gupta | D8: IT | E8: Senior Developer | F8: 43971 | G8: 85000 | H8: Yes
A9: 1008 | B9: Kavya | C9: Nair | D9: HR | E9: Recruiter | F9: 44787 | G9: 47000 | H9: Yes
A10: 1009 | B10: Rohan | C10: Mehta | D10: Finance | E10: Accountant | F10: 45660 | G10: 50000 | H10: Yes
A11: 1010 | B11: Divya | C11: Reddy | D11: Marketing | E11: Content Specialist | F11: 45102 | G11: 55000 | H11: Yes
A12: 1011 | B12: Kiran | C12: Das | D12: IT | E12: Database Administrator | F12: 44297 | G12: 78000 | H12: Yes
A13: 1012 | B13: Neha | C13: Sharma | D13: Sales | E13: Sales Manager | F13: 44834 | G13: 72000 | H13: Yes
... A31: 1030 | B31: Harini | C31: Patel | D31: IT | E31: Data Analyst | F31: 45867 | G31: 61000 | H31: No

Sheet Analysis
A1: Analytical question | B1: Result | D1: Department | E1: Average Salary | G1: Position | H1: Employee Count | J1: Employee ID | K1: Year of Hire | L1: Tenure(Years) | N1: Full Name
A2: Which department has the highest average salary? | B2: =INDEX(D2:D6,MATCH(MAX(E2:E6),E2:E6,0)) -> IT | D2: IT | E2: =AVERAGEIFS(Employees!$G$2:$G$31,Employees!$D$2:$D$31,D2) -> 70111.111 | G2: {=_xlfn._xlws.SORT(_xlfn.UNIQUE(Employees!E2:E31))} -> Accountant | H2: {=COUNTIF(Employees!$E$2:$E$31,_xlfn.ANCHORARRAY(G2))} -> 2 | J2: =Employees!A2 -> 1001 | K2: =YEAR(Employees!F2) -> 2022 | L2: =DATEDIF(Employees!F2,TODAY(),"Y") -> 4 | N2: =_xlfn.TEXTJOIN(" ",TRUE,Employees!B2,Employees!C2) -> Aarav Sharma
A3: How many employees were hired in the last 12 months? | B3: =COUNTIFS(Employees!$F$2:$F$31,">="&EDATE(TODAY(),-12),Employees!$F$2:$F$31,"<="&TODAY()) -> 0 | D3: HR | E3: =AVERAGEIFS(Employees!$G$2:$G$31,Employees!$D$2:$D$31,D3) -> 55200 | G3: Content Specialist | H3: 2 | J3: =Employees!A3 -> 1002 | K3: =YEAR(Employees!F3) -> 2023 | L3: =DATEDIF(Employees!F3,TODAY(),"Y") -> 3 | N3: =_xlfn.TEXTJOIN(" ",TRUE,Employees!B3,Employees!C3) -> Ananya Reddy
A4: What is the total salary expense for full-time employees? | B4: =SUMIFS(Employees!$G$2:$G$31,Employees!$H$2:$H$31,"Yes") -> 1591000 | D4: Finance | E4: =AVERAGEIFS(Employees!$G$2:$G$31,Employees!$D$2:$D$31,D4) -> 64500 | G4: Data Analyst | H4: 2 | J4: =Employees!A4 -> 1003 | K4: =YEAR(Employees!F4) -> 2021 | L4: =DATEDIF(Employees!F4,TODAY(),"Y") -> 5 | N4: =_xlfn.TEXTJOIN(" ",TRUE,Employees!B4,Employees!C4) -> Rahul Kumar
A5: Which position has the most employees? | B5: =INDEX(_xlfn.ANCHORARRAY(G2),MATCH(MAX(_xlfn.ANCHORARRAY(H2)),_xlfn.ANCHORARRAY(H2),0)) -> Financial Analyst | D5: Marketing | E5: =AVERAGEIFS(Employees!$G$2:$G$31,Employees!$D$2:$D$31,D5) -> 57400 | G5: Data Scientist | H5: 1 | J5: =Employees!A5 -> 1004 | K5: =YEAR(Employees!F5) -> 2024 | L5: =DATEDIF(Employees!F5,TODAY(),"Y") -> 2 | N5: =_xlfn.TEXTJOIN(" ",TRUE,Employees!B5,Employees!C5) -> Priya Singh
A6: What is the median salary? | B6: =MEDIAN(Employees!$G$2:$G$31) -> 61500 | D6: Sales | E6: =AVERAGEIFS(Employees!$G$2:$G$31,Employees!$D$2:$D$31,D6) -> 56000 | G6: Database Administrator | H6: 1 | J6: =Employees!A6 -> 1005 | K6: =YEAR(Employees!F6) -> 2023 | L6: =DATEDIF(Employees!F6,TODAY(),"Y") -> 3 | N6: =_xlfn.TEXTJOIN(" ",TRUE,Employees!B6,Employees!C6) -> Arjun Patel
A7: What is the highest salary? | B7: =MAX(Employees!$G$2:$G$31) -> 90000 | G7: Finance Manager | H7: 1 | J7: =Employees!A7 -> 1006 | K7: =YEAR(Employees!F7) -> 2024 | L7: =DATEDIF(Employees!F7,TODAY(),"Y") -> 1 | N7: =_xlfn.TEXTJOIN(" ",TRUE,Employees!B7,Employees!C7) -> Sneha Rao
A8: What is the lowest salary? | B8: =MIN(Employees!$G$2:$G$31) -> 44000 | G8: Financial Analyst | H8: 3 | J8: =Employees!A8 -> 1007 | K8: =YEAR(Employees!F8) -> 2020 | L8: =DATEDIF(Employees!F8,TODAY(),"Y") -> 6 | N8: =_xlfn.TEXTJOIN(" ",TRUE,Employees!B8,Employees!C8) -> Vikram Gupta
A9: What is the average salary across the company? | B9: =AVERAGE(Employees!$G$2:$G$31) -> 62033.333 | G9: HR Manager | H9: 1 | J9: =Employees!A9 -> 1008 | K9: =YEAR(Employees!F9) -> 2022 | L9: =DATEDIF(Employees!F9,TODAY(),"Y") -> 4 | N9: =_xlfn.TEXTJOIN(" ",TRUE,Employees!B9,Employees!C9) -> Kavya Nair
A10: How many full-time employees are there? | B10: =COUNTIF(Employees!$H$2:$H$31,"Yes") -> 25 | G10: HR Specialist | H10: 2 | J10: =Employees!A10 -> 1009 | K10: =YEAR(Employees!F10) -> 2025 | L10: =DATEDIF(Employees!F10,TODAY(),"Y") -> 1 | N10: =_xlfn.TEXTJOIN(" ",TRUE,Employees!B10,Employees!C10) -> Rohan Mehta
A11: How many employees are in the IT department? | B11: =COUNTIF(Employees!$D$2:$D$31,"IT") -> 9 | G11: Marketing Executive | H11: 2 | J11: =Employees!A11 -> 1010 | K11: =YEAR(Employees!F11) -> 2023 | L11: =DATEDIF(Employees!F11,TODAY(),"Y") -> 3 | N11: =_xlfn.TEXTJOIN(" ",TRUE,Employees!B11,Employees!C11) -> Divya Reddy
G12: Marketing Manager | H12: 1 | J12: =Employees!A12 -> 1011 | K12: =YEAR(Employees!F12) -> 2021 | L12: =DATEDIF(Employees!F12,TODAY(),"Y") -> 5 | N12: =_xlfn.TEXTJOIN(" ",TRUE,Employees!B12,Employees!C12) -> Kiran Das
G13: Network Engineer | H13: 1 | J13: =Employees!A13 -> 1012 | K13: =YEAR(Employees!F13) -> 2022 | L13: =DATEDIF(Employees!F13,TODAY(),"Y") -> 3 | N13: =_xlfn.TEXTJOIN(" ",TRUE,Employees!B13,Employees!C13) -> Neha Sharma
G14: Recruiter | H14: 2 | J14: =Employees!A14 -> 1013 | K14: =YEAR(Employees!F14) -> 2023 | L14: =DATEDIF(Employees!F14,TODAY(),"Y") -> 2 | N14: =_xlfn.TEXTJOIN(" ",TRUE,Employees!B14,Employees!C14) -> Aditya Verma
G15: Sales Executive | H15: 3 | J15: =Employees!A15 -> 1014 | K15: =YEAR(Employees!F15) -> 2020 | L15: =DATEDIF(Employees!F15,TODAY(),"Y") -> 6 | N15: =_xlfn.TEXTJOIN(" ",TRUE,Employees!B15,Employees!C15) -> Meera Joshi
G16: Sales Manager | H16: 2 | J16: =Employees!A16 -> 1015 | K16: =YEAR(Employees!F16) -> 2024 | L16: =DATEDIF(Employees!F16,TODAY(),"Y") -> 1 | N16: =_xlfn.TEXTJOIN(" ",TRUE,Employees!B16,Employees!C16) -> Rohit Kapoor
G17: Senior Developer | H17: 1 | J17: =Employees!A17 -> 1016 | K17: =YEAR(Employees!F17) -> 2021 | L17: =DATEDIF(Employees!F17,TODAY(),"Y") -> 5 | N17: =_xlfn.TEXTJOIN(" ",TRUE,Employees!B17,Employees!C17) -> Pooja Iyer
G18: Software Developer | H18: 3 | J18: =Employees!A18 -> 1017 | K18: =YEAR(Employees!F18) -> 2023 | L18: =DATEDIF(Employees!F18,TODAY(),"Y") -> 3 | N18: =_xlfn.TEXTJOIN(" ",TRUE,Employees!B18,Employees!C18) -> Suresh Rao
J19: =Employees!A19 -> 1018 | K19: =YEAR(Employees!F19) -> 2025 | L19: =DATEDIF(Employees!F19,TODAY(),"Y") -> 1 | N19: =_xlfn.TEXTJOIN(" ",TRUE,Employees!B19,Employees!C19) -> Ishita Malhotra
J20: =Employees!A20 -> 1019 | K20: =YEAR(Employees!F20) -> 2024 | L20: =DATEDIF(Employees!F20,TODAY(),"Y") -> 2 | N20: =_xlfn.TEXTJOIN(" ",TRUE,Employees!B20,Employees!C20) -> Nikhil Bansal
J21: =Employees!A21 -> 1020 | K21: =YEAR(Employees!F21) -> 2023 | L21: =DATEDIF(Employees!F21,TODAY(),"Y") -> 2 | N21: =_xlfn.TEXTJOIN(" ",TRUE,Employees!B21,Employees!C21) -> Aisha Khan
J22: =Employees!A22 -> 1021 | K22: =YEAR(Employees!F22) -> 2022 | L22: =DATEDIF(Employees!F22,TODAY(),"Y") -> 4 | N22: =_xlfn.TEXTJOIN(" ",TRUE,Employees!B22,Employees!C22) -> Manish Yadav
J23: =Employees!A23 -> 1022 | K23: =YEAR(Employees!F23) -> 2025 | L23: =DATEDIF(Employees!F23,TODAY(),"Y") -> 1 | N23: =_xlfn.TEXTJOIN(" ",TRUE,Employees!B23,Employees!C23) -> Tanvi Shah
J24: =Employees!A24 -> 1023 | K24: =YEAR(Employees!F24) -> 2021 | L24: =DATEDIF(Employees!F24,TODAY(),"Y") -> 5 | N24: =_xlfn.TEXTJOIN(" ",TRUE,Employees!B24,Employees!C24) -> Varun Reddy
J25: =Employees!A25 -> 1024 | K25: =YEAR(Employees!F25) -> 2020 | L25: =DATEDIF(Employees!F25,TODAY(),"Y") -> 6 | N25: =_xlfn.TEXTJOIN(" ",TRUE,Employees!B25,Employees!C25) -> Swati Agarwal
J26: =Employees!A26 -> 1025 | K26: =YEAR(Employees!F26) -> 2023 | L26: =DATEDIF(Employees!F26,TODAY(),"Y") -> 2 | N26: =_xlfn.TEXTJOIN(" ",TRUE,Employees!B26,Employees!C26) -> Ajay Kumar
J27: =Employees!A27 -> 1026 | K27: =YEAR(Employees!F27) -> 2024 | L27: =DATEDIF(Employees!F27,TODAY(),"Y") -> 2 | N27: =_xlfn.TEXTJOIN(" ",TRUE,Employees!B27,Employees!C27) -> Nandini Rao
J28: =Employees!A28 -> 1027 | K28: =YEAR(Employees!F28) -> 2022 | L28: =DATEDIF(Employees!F28,TODAY(),"Y") -> 3 | N28: =_xlfn.TEXTJOIN(" ",TRUE,Employees!B28,Employees!C28) -> Sameer Ali
J29: =Employees!A29 -> 1028 | K29: =YEAR(Employees!F29) -> 2025 | L29: =DATEDIF(Employees!F29,TODAY(),"Y") -> 1 | N29: =_xlfn.TEXTJOIN(" ",TRUE,Employees!B29,Employees!C29) -> Lakshmi Reddy
J30: =Employees!A30 -> 1029 | K30: =YEAR(Employees!F30) -> 2022 | L30: =DATEDIF(Employees!F30,TODAY(),"Y") -> 4 | N30: =_xlfn.TEXTJOIN(" ",TRUE,Employees!B30,Employees!C30) -> Deepak Singh
J31: =Employees!A31 -> 1030 | K31: =YEAR(Employees!F31) -> 2025 | L31: =DATEDIF(Employees!F31,TODAY(),"Y") -> 1 | N31: =_xlfn.TEXTJOIN(" ",TRUE,Employees!B31,Employees!C31) -> Harini Patel
